Community,Pinned?,Tab,Text,Creation Date,Modified Date
Adjacent,No,Explore,Design,2024-03-19 11:06:00,2024-10-11 06:52:00
Adjacent,No,Explore,Amsterdam,2024-03-19 13:48:00,2024-10-11 06:52:00
Adjacent,No,Feed,Marketing,2024-03-24 13:17:00,2024-10-11 06:52:00
Adjacent,Yes,Explore,Ipsum,2024-03-28 10:03:00,2024-10-11 06:52:00
Adjacent,No,Explore,Project,2024-03-28 10:32:00,2024-10-11 06:52:00
Adjacent,No,Explore,Dami,2024-03-28 19:49:00,2024-10-11 06:52:00
Adjacent,No,Explore,Resilience,2024-03-31 21:02:00,2024-10-11 06:52:00
Adjacent,No,Explore,Ui Ux Design,2024-04-03 13:31:00,2024-10-11 06:52:00
Adjacent,No,Explore,Android,2024-04-04 10:22:00,2024-10-11 06:52:00
Adjacent,No,Explore,Application,2024-04-04 10:22:00,2024-10-11 06:52:00
Adjacent,No,Explore,Designer,2024-04-05 09:13:00,2024-10-11 06:52:00
Adjacent,No,Explore,Apps,2024-04-05 18:28:00,2024-10-11 06:52:00
Adjacent,No,Explore,Jobs,2024-04-05 18:29:00,2024-10-11 06:52:00
Adjacent,Yes,Feed,Sales,2024-04-16 11:47:00,2024-10-11 06:52:00
Adjacent,No,Explore,Marketing,2024-04-17 14:41:00,2024-10-11 06:52:00
Adjacent,No,Explore,Sales,2024-04-17 14:41:00,2024-10-11 06:52:00
Adjacent,No,Explore,Ux,2024-04-17 15:56:00,2024-10-11 06:52:00
Adjacent,No,Explore,Nasa,2024-04-17 17:57:00,2024-10-11 06:52:00
Adjacent,No,Explore,Construction,2024-04-17 21:07:00,2024-10-11 06:52:00
Adjacent,No,Explore,Startup,2024-04-17 21:07:00,2024-10-11 06:52:00
Adjacent,No,Explore,Mason,2024-04-30 15:54:00,2024-10-11 06:52:00
Adjacent,No,Explore,Omn-4,2024-05-06 12:38:00,2024-10-11 06:52:00
Adjacent,No,Explore,Sstewart8,2024-05-06 17:28:00,2024-10-11 06:52:00
Adjacent,No,Explore,Website,2024-05-08 12:28:00,2024-10-11 06:52:00
Adjacent,No,Explore,Branding,2024-05-08 12:28:00,2024-10-11 06:52:00
Adjacent,No,Explore,Matts,2024-05-14 02:51:00,2024-10-11 06:52:00
Adjacent,No,Explore,Mattstrick,2024-05-14 02:52:00,2024-10-11 06:52:00
Adjacent,No,Explore,Looking For Designer,2024-05-16 11:57:00,2024-10-11 06:52:00
Adjacent,No,Explore,Taylorb,2024-05-17 10:36:00,2024-10-11 06:52:00
Adjacent,No,Explore,Singapore,2024-05-29 08:40:00,2024-10-11 06:52:00
Adjacent,No,Explore,Engineering,2024-06-01 21:51:00,2024-10-11 06:52:00
Adjacent,No,Explore,Faraday,2024-06-03 09:24:00,2024-10-11 06:52:00
Adjacent,No,Explore,Virtual Incubator,2024-06-03 15:14:00,2024-10-11 06:52:00
Adjacent,No,Explore,Virtual,2024-06-03 20:33:00,2024-10-11 06:52:00
Adjacent,No,Explore,James,2024-06-07 07:43:00,2024-10-11 06:52:00
Adjacent,No,Explore,James,2024-06-07 13:12:00,2024-10-11 06:52:00
Adjacent,No,Explore,Amelia,2024-06-07 13:30:00,2024-10-11 06:52:00
Adjacent,No,Explore,Amelia,2024-06-07 13:32:00,2024-10-11 06:52:00
Adjacent,No,Explore,Virtual,2024-06-07 18:09:00,2024-10-11 06:52:00
Adjacent,No,Explore,Health,2024-06-07 18:35:00,2024-10-11 06:52:00
Adjacent,No,Explore,Game Developer,2024-06-07 20:56:00,2024-10-11 06:52:00
Adjacent,No,Explore,Developer,2024-06-07 20:56:00,2024-10-11 06:52:00
Adjacent,No,Explore,Amelia,2024-06-08 01:46:00,2024-10-11 06:52:00
Adjacent,No,Explore,Henry,2024-06-08 01:52:00,2024-10-11 06:52:00
Adjacent,No,Explore,Omn,2024-06-11 18:02:00,2024-10-11 06:52:00
Adjacent,No,Explore,Striveup,2024-06-11 21:26:00,2024-10-11 06:52:00
Adjacent,No,Explore,Art,2024-06-12 10:28:00,2024-10-11 06:52:00
Adjacent,No,Explore,S_Ntiago,2024-06-12 11:33:00,2024-10-11 06:52:00
Adjacent,No,Explore,Santiago,2024-06-12 11:33:00,2024-10-11 06:52:00
Adjacent,No,Explore,Sam,2024-06-12 13:22:00,2024-10-11 06:52:00
Adjacent,No,Explore,Worn,2024-06-12 13:29:00,2024-10-11 06:52:00
Adjacent,No,Explore,Melbourne,2024-06-13 16:26:00,2024-10-11 06:52:00
Adjacent,No,Explore,Art,2024-06-16 14:11:00,2024-10-11 06:52:00
Adjacent,No,Explore,Development,2024-06-23 10:08:00,2024-10-11 06:52:00
Adjacent,No,Explore,Jen793,2024-06-27 11:47:00,2024-11-01 15:33:00
Adjacent,No,Explore,Jen,2024-06-27 11:48:00,2024-10-11 06:52:00
Adjacent,No,Explore,Usa,2024-07-09 23:01:00,2024-10-11 06:52:00
Adjacent,No,Explore,Https://Adjacent.Page.Link/Nwzpdga1C2Q4Ebpk7,2024-07-16 09:52:00,2024-10-11 06:52:00
Adjacent,No,Explore,Ejboustany,2024-07-16 19:25:00,2024-10-11 06:52:00
Adjacent,No,Explore,Ejboustany,2024-07-16 19:25:00,2024-10-11 06:52:00
Adjacent,No,Explore,Healthcare,2024-07-22 08:48:00,2024-10-11 06:52:00
Adjacent,No,Explore,Crypto,2024-07-31 04:46:00,2024-10-11 06:52:00
Adjacent,No,Explore,Healthcare,2024-09-24 21:08:00,2024-10-11 06:52:00
Adjacent,No,Explore,Health,2024-09-24 21:08:00,2024-10-11 06:52:00
Adjacent,No,Explore,Dami,2024-10-02 05:04:00,2024-10-11 06:52:00
Adjacent,No,Explore,Chile,2024-10-03 15:29:00,2024-10-11 06:52:00
Adjacent,No,Explore,"Santiago Metropolitan Region, Chile",2024-10-03 15:29:00,2024-10-11 06:52:00
Adjacent,No,Feed,Pressure,2024-10-08 13:01:00,2024-10-11 06:52:00
Adjacent,No,Feed,John,2024-10-09 03:42:00,2024-10-11 06:52:00
Adjacent,No,Explore,Jaffe,2024-10-09 17:57:00,2024-10-11 06:52:00
Adjacent,No,Explore,Software Development,2024-10-20 17:02:00,2024-10-20 17:02:00
Adjacent,No,Explore,Incubator,2024-10-24 11:09:00,2024-10-24 11:09:00
Adjacent,No,Explore,Virtual,2024-10-25 09:17:00,2024-10-25 09:17:00
Adjacent,No,Explore,Dev Agency,2024-11-04 07:06:00,2024-11-04 07:06:00
Adjacent,No,Explore,Dev Agency,2024-11-04 07:08:00,2024-11-04 07:08:00
Adjacent,No,Explore,Agency,2024-11-04 07:08:00,2024-11-04 07:08:00
Adjacent,No,Explore,Reapfolio,2024-11-04 07:09:00,2024-11-04 07:09:00
Adjacent,No,Explore,Podcast,2024-11-04 09:02:00,2024-11-04 09:02:00
Adjacent,No,Explore,Rachel,2024-11-09 22:18:00,2024-11-09 22:18:00
Adjacent,No,Explore,New Hampshire,2024-12-15 12:20:00,2024-12-15 12:20:00
Adjacent,No,Explore,Boston,2024-12-15 12:20:00,2024-12-15 12:20:00
Adjacent,No,Feed,Software,2024-12-15 13:15:00,2024-12-15 13:15:00
Adjacent,No,Feed,Development,2024-12-15 13:15:00,2024-12-15 13:15:00
Adjacent,No,Explore,Khach,2024-12-16 22:20:00,2024-12-16 22:20:00
Adjacent,No,Explore,Khach Swe,2024-12-16 22:20:00,2024-12-16 22:20:00
Adjacent,No,Explore,Khachswe,2024-12-16 22:20:00,2024-12-16 22:20:00
